user_id,email,password_hash,created_at
U000001,user1@example.com,hash_1,2026-01-01 10:00:00
U000002,user2@example.com,hash_2,2026-01-01 10:05:00
U000003,user3@example.com,hash_3,2026-01-01 10:10:00
U000004,user4@example.com,hash_4,2026-01-01 10:15:00
U000005,user5@example.com,hash_5,2026-01-01 10:20:00
U000006,user6@example.com,hash_6,2026-01-01 10:25:00
U000007,user7@example.com,hash_7,2026-01-01 10:30:00
U000008,user8@example.com,hash_8,2026-01-01 10:35:00
U000009,user9@example.com,hash_9,2026-01-01 10:40:00
U000010,user10@example.com,hash_10,2026-01-01 10:45:00
U000011,user11@example.com,hash_11,2026-01-01 10:50:00
U000012,user12@example.com,hash_12,2026-01-01 10:55:00
U000013,user13@example.com,hash_13,2026-01-01 11:00:00
U000014,user14@example.com,hash_14,2026-01-01 11:05:00
U000015,user15@example.com,hash_15,2026-01-01 11:10:00
U000016,user16@example.com,hash_16,2026-01-01 11:15:00
U000017,user17@example.com,hash_17,2026-01-01 11:20:00
U000018,user18@example.com,hash_18,2026-01-01 11:25:00
U000019,user19@example.com,hash_19,2026-01-01 11:30:00
U000020,user20@example.com,hash_20,2026-01-01 11:35:00
U000021,user21@example.com,hash_21,2026-01-01 11:40:00
U000022,user22@example.com,hash_22,2026-01-01 11:45:00
U000023,user23@example.com,hash_23,2026-01-01 11:50:00
U000024,user24@example.com,hash_24,2026-01-01 11:55:00
U000025,user25@example.com,hash_25,2026-01-01 12:00:00
U000026,user26@example.com,hash_26,2026-01-01 12:05:00
U000027,user27@example.com,hash_27,2026-01-01 12:10:00
U000028,user28@example.com,hash_28,2026-01-01 12:15:00
U000029,user29@example.com,hash_29,2026-01-01 12:20:00
U000030,user30@example.com,hash_30,2026-01-01 12:25:00
U000031,user31@example.com,hash_31,2026-01-01 12:30:00
U000032,user32@example.com,hash_32,2026-01-01 12:35:00
U000033,user33@example.com,hash_33,2026-01-01 12:40:00
U000034,user34@example.com,hash_34,2026-01-01 12:45:00
U000035,user35@example.com,hash_35,2026-01-01 12:50:00
U000036,user36@example.com,hash_36,2026-01-01 12:55:00
U000037,user37@example.com,hash_37,2026-01-01 13:00:00
U000038,user38@example.com,hash_38,2026-01-01 13:05:00
U000039,user39@example.com,hash_39,2026-01-01 13:10:00
U000040,user40@example.com,hash_40,2026-01-01 13:15:00
U000041,user41@example.com,hash_41,2026-01-01 13:20:00
U000042,user42@example.com,hash_42,2026-01-01 13:25:00
U000043,user43@example.com,hash_43,2026-01-01 13:30:00
U000044,user44@example.com,hash_44,2026-01-01 13:35:00
U000045,user45@example.com,hash_45,2026-01-01 13:40:00
U000046,user46@example.com,hash_46,2026-01-01 13:45:00
U000047,user47@example.com,hash_47,2026-01-01 13:50:00
U000048,user48@example.com,hash_48,2026-01-01 13:55:00
U000049,user49@example.com,hash_49,2026-01-01 14:00:00
U000050,user50@example.com,hash_50,2026-01-01 14:05:00